{"episodicStep": 345, "_timestamp": 1675122367.889207, "_runtime": 23.0764639377594, "_step": 11, "episodicReward": -333, "_wandb": {"runtime": 26}}