{"episodicStep": 266, "_timestamp": 1675122006.2431655, "_runtime": 90.07661151885986, "_step": 65, "episodicReward": -254, "_wandb": {"runtime": 94}}