{"episodicStep": 2, "_timestamp": 1675244345.5415347, "_runtime": 1139.1959307193756, "_step": 9999, "episodicReward": 10, "_wandb": {"runtime": 1152}}